index_x	sample	csqAllele	impact	element_id	type	csqCount	gene_id	gene_symbol	most_severe_consequence	start	id	rare	commonCSQall	EmbryoDev	DDD	Lethal	Essential	Misc	soScore	pLI	chr	CADD	sumGene
7:128335938:/G	HGDP01152	G	MODERATE	ENST00000223073	genic	1	ENSG00000106344	RBM28	missense_variant	128335938	rs113178095	True	G	0	1	1	1	0	25	2.04684238620984e-09	7	1.087545	3
14:104772374:/A	HGDP01152	A	LOW	ENST00000554581	genic	1	ENSG00000142208	AKT1	synonymous_variant	104772374	rs139297659	True	A	1	1	0	0	1	19	0.980206587064648	14	0.799595	3
2:209653333:/A	HGDP01152	A	MODERATE	ENST00000360351	genic	1	ENSG00000078018	MAP2	missense_variant	209653333	rs139310749	True	A	0	0	0	0	1	25	0.999983364970244	2	4.284766	1
2:63174685:/C	HGDP01152	C	MODERATE	ENST00000272321	genic	1	ENSG00000143951	WDPCP	missense_variant	63174685	rs61734468	True	C	1	1	1	0	0	25	2.32411054871015e-09	2	0.653287	3
19:54458323:/T	HGDP01152	T	MODERATE	ENST00000326764	genic	1	ENSG00000167615	LENG8	missense_variant	54458323	rs769724812	True	T	0	0	1	1	0	25	0.998395296073242	19	4.313112	2
20:62309771:/A	HGDP01152	A	LOW	ENST00000252999	genic	1	ENSG00000130702	LAMA5	synonymous_variant	62309771	rs138234217	True	A	1	0	1	0	1	19	0.943037981027839	20	-0.059744	3
20:62311964:/A	HGDP01152	A	LOW	ENST00000252999	genic	1	ENSG00000130702	LAMA5	synonymous_variant	62311964	rs114698761	True	A	1	0	1	0	1	19	0.943037981027839	20	-0.498588	3
20:62323664:/T	HGDP01152	T	LOW	ENST00000252999	genic	1	ENSG00000130702	LAMA5	synonymous_variant	62323664	rs146904037	True	T	1	0	1	0	1	19	0.943037981027839	20	-0.455932	3
20:62310306:/A	HGDP01152	A	MODERATE	ENST00000252999	genic	1	ENSG00000130702	LAMA5	missense_variant	62310306	rs41307203	True	A	1	0	1	0	1	25	0.943037981027839	20	0.593772	3
20:62312183:/T	HGDP01152	T	MODERATE	ENST00000252999	genic	1	ENSG00000130702	LAMA5	missense_variant	62312183	rs140181393	True	T	1	0	1	0	1	25	0.943037981027839	20	1.425422	3
3:129502723:/T	HGDP01152	T	LOW	ENST00000296266	genic	1	ENSG00000163913	IFT122	synonymous_variant	129502723	rs373738589	True	T	1	1	0	0	1	19	2.16271033723115e-11	3	-0.093377	3
13:32337936:/A	HGDP01152	A	MODERATE	ENST00000544455	genic	1	ENSG00000139618	BRCA2	missense_variant	32337936	rs28897721	True	A	1	1	0	1	0	25	2.21312120661867e-15	13	0.179918	3
9:130854233:/G	HGDP01152	G	LOW	ENST00000372348	genic	1	ENSG00000097007	ABL1	synonymous_variant	130854233	rs111886835	True	G	1	1	0	1	0	19	0.999882701417156	9	1.718541	3
1:150817408:/T	HGDP01152	T	MODERATE	ENST00000358595	genic	1	ENSG00000143437	ARNT	missense_variant	150817408	rs1805133	True	T	1	0	1	0	1	25	0.976348195268955	1	2.573684	3
1:208217000:/T	HGDP01152	T	MODERATE	ENST00000367033	genic	1	ENSG00000076356	PLXNA2	missense_variant	208217000	rs952207957	True	T	1	0	0	0	0	25	0.993981181863515	1	4.201375	1
1:200580323:/C	HGDP01152	C	LOW	ENST00000367350	genic	1	ENSG00000118193	KIF14	synonymous_variant	200580323	rs115265657	True	C	0	0	1	1	1	19	6.0274856650418e-05	1	0.126974	3
10:113854981:/T	HGDP01152	T	LOW	ENST00000369301	genic	1	ENSG00000196865	NHLRC2	synonymous_variant	113854981	rs17235038	True	T	0	0	1	1	1	19	0.000339054634985002	10	2.019756	3
16:15072952:/G	HGDP01152	G	LOW	ENST00000198767	genic	1	ENSG00000085721	RRN3	splice_region_variant	15072952	rs72774849	True	G	1	0	1	1	0	23	0.000474580439094432	16	1.612531	3
16:15621779:/G	HGDP01152	G	MODERATE	ENST00000396368	genic	1	ENSG00000166783	MARF1	missense_variant	15621779	rs35438466	True	G	0	0	0	1	0	25	0.999999565958546	16	3.940295	1
6:138286887:/A	HGDP01152	A	MODERATE	ENST00000251691	genic	1	ENSG00000112379	ARFGEF3	missense_variant	138286887	rs200406717	True	A	0	0	0	0	0	25	0.98742288863517	6	4.22294	0
6:39896976:/A	HGDP01152	A	MODERATE	ENST00000398904	genic	1	ENSG00000146122	DAAM2	missense_variant	39896976	rs187381000	True	A	0	0	0	0	0	25	0.998285962155217	6	3.942548	0
6:43213818:/C	HGDP01152	C	MODERATE	ENST00000252050	genic	1	ENSG00000112659	CUL9	missense_variant	43213818	rs142513991	True	C	0	0	0	1	0	25	0.967475855018408	6	4.626202	1
17:17281181:/T	HGDP01152	T	LOW	ENST00000268717	genic	1	ENSG00000141030	COPS3	synonymous_variant	17281181	rs11549132	True	T	1	0	1	1	0	19	0.992904074102341	17	2.271646	3
17:82081818:/A	HGDP01152	A	LOW	ENST00000306749	genic	1	ENSG00000169710	FASN	synonymous_variant	82081818	rs776553835	True	A	0	1	1	1	0	19	0.99999995015986	17	0.279965	3
17:50197024:/A	HGDP01152	A	MODERATE	ENST00000225964	genic	1	ENSG00000108821	COL1A1	missense_variant	50197024	rs374947065	True	A	1	1	0	1	1	25	0.999999998983348	17	2.556963	4
22:41178379:/C	HGDP01152	C	MODERATE	ENST00000263253	genic	1	ENSG00000100393	EP300	missense_variant	41178379	rs1046088	True	C	1	1	0	1	0	25	0.999999999999484	22	2.149967	3
11:60899179:/A	HGDP01152	A	LOW	ENST00000227524	genic	1	ENSG00000110107	PRPF19	synonymous_variant	60899179	rs147483370	True	A	1	0	1	1	0	19	0.998566695864226	11	0.139496	3
11:120457753:/A	HGDP01152	A	MODERATE	ENST00000397843	genic	1	ENSG00000196914	ARHGEF12	missense_variant	120457753	rs192719576	True	A	0	0	1	1	0	25	0.99999892582633	11	4.308629	2
11:74138957:/C	HGDP01152	C	MODERATE	ENST00000313663	genic	1	ENSG00000168014	C2CD3	missense_variant	74138957	rs72984881	True	C	1	1	1	1	0	25	8.07884267817138e-10	11	2.907208	4
