"ID"	"Description"	"GeneRatio"	"BgRatio"	"pvalue"	"p.adjust"	"qvalue"	"geneID"	"Count"
"R-HSA-8940973"	"RUNX2 regulates osteoblast differentiation"	"2/31"	"24/10654"	0.00217309707020289	0.294090236459074	0.26301699026415	"5594/121340"	2
"R-HSA-8941326"	"RUNX2 regulates bone development"	"2/31"	"32/10654"	0.00384915702012378	0.294090236459074	0.26301699026415	"5594/121340"	2
"R-HSA-5674135"	"MAP2K and MAPK activation"	"2/31"	"40/10654"	0.00596623850325962	0.294090236459074	0.26301699026415	"5594/84292"	2
"R-HSA-6783310"	"Fanconi Anemia Pathway"	"2/31"	"40/10654"	0.00596623850325962	0.294090236459074	0.26301699026415	"84126/80198"	2
"R-HSA-112040"	"G-protein mediated events"	"2/31"	"55/10654"	0.0110556299064299	0.294090236459074	0.26301699026415	"2774/5594"	2
"R-HSA-2022090"	"Assembly of collagen fibrils and other multimeric structures"	"2/31"	"61/10654"	0.0134777287117961	0.294090236459074	0.26301699026415	"1289/5339"	2
"R-HSA-8943724"	"Regulation of PTEN gene transcription"	"2/31"	"61/10654"	0.0134777287117961	0.294090236459074	0.26301699026415	"23028/5594"	2
"R-HSA-375165"	"NCAM signaling for neurite out-growth"	"2/31"	"63/10654"	0.0143319440044188	0.294090236459074	0.26301699026415	"1289/5594"	2
"R-HSA-5685942"	"HDR through Homologous Recombination (HRR)"	"2/31"	"67/10654"	0.0161089655270792	0.294090236459074	0.26301699026415	"84126/80198"	2
"R-HSA-6807505"	"RNA polymerase II transcribes snRNA genes"	"2/31"	"74/10654"	0.0194330803614943	0.294090236459074	0.26301699026415	"2960/55726"	2
"R-HSA-1474290"	"Collagen formation"	"2/31"	"90/10654"	0.0280001115933431	0.294090236459074	0.26301699026415	"1289/5339"	2
"R-HSA-111885"	"Opioid Signalling"	"2/31"	"91/10654"	0.028578112682128	0.294090236459074	0.26301699026415	"2774/5594"	2
"R-HSA-170660"	"Adenylate cyclase activating pathway"	"1/31"	"10/10654"	0.0287309854482142	0.294090236459074	0.26301699026415	"2774"	1
"R-HSA-450341"	"Activation of the AP-1 family of transcription factors"	"1/31"	"10/10654"	0.0287309854482142	0.294090236459074	0.26301699026415	"5594"	1
"R-HSA-74749"	"Signal attenuation"	"1/31"	"10/10654"	0.0287309854482142	0.294090236459074	0.26301699026415	"5594"	1
"R-HSA-3214815"	"HDACs deacetylate histones"	"2/31"	"94/10654"	0.0303408986626093	0.294090236459074	0.26301699026415	"5926/23028"	2
"R-HSA-111458"	"Formation of apoptosome"	"1/31"	"11/10654"	0.0315597471403514	0.294090236459074	0.26301699026415	"5594"	1
"R-HSA-446107"	"Type I hemidesmosome assembly"	"1/31"	"11/10654"	0.0315597471403514	0.294090236459074	0.26301699026415	"5339"	1
"R-HSA-9627069"	"Regulation of the apoptosome activity"	"1/31"	"11/10654"	0.0315597471403514	0.294090236459074	0.26301699026415	"5594"	1
"R-HSA-170968"	"Frs2-mediated activation"	"1/31"	"12/10654"	0.0343805352488403	0.294090236459074	0.26301699026415	"5594"	1
"R-HSA-264870"	"Caspase-mediated cleavage of cytoskeletal proteins"	"1/31"	"12/10654"	0.0343805352488403	0.294090236459074	0.26301699026415	"5339"	1
"R-HSA-6803211"	"TP53 Regulates Transcription of Death Receptors and Ligands"	"1/31"	"12/10654"	0.0343805352488403	0.294090236459074	0.26301699026415	"3486"	1
"R-HSA-73817"	"Purine ribonucleoside monophosphate biosynthesis"	"1/31"	"12/10654"	0.0343805352488403	0.294090236459074	0.26301699026415	"5471"	1
"R-HSA-111461"	"Cytochrome c-mediated apoptotic response"	"1/31"	"13/10654"	0.037193371502109	0.294090236459074	0.26301699026415	"5594"	1
"R-HSA-202670"	"ERKs are inactivated"	"1/31"	"13/10654"	0.037193371502109	0.294090236459074	0.26301699026415	"5594"	1
"R-HSA-879415"	"Advanced glycosylation endproduct receptor signaling"	"1/31"	"13/10654"	0.037193371502109	0.294090236459074	0.26301699026415	"5594"	1
"R-HSA-156581"	"Methylation"	"1/31"	"14/10654"	0.0399982775714101	0.294090236459074	0.26301699026415	"29104"	1
"R-HSA-162658"	"Golgi Cisternae Pericentriolar Stack Reorganization"	"1/31"	"14/10654"	0.0399982775714101	0.294090236459074	0.26301699026415	"5594"	1
"R-HSA-169893"	"Prolonged ERK activation events"	"1/31"	"14/10654"	0.0399982775714101	0.294090236459074	0.26301699026415	"5594"	1
"R-HSA-170670"	"Adenylate cyclase inhibitory pathway"	"1/31"	"14/10654"	0.0399982775714101	0.294090236459074	0.26301699026415	"2774"	1
"R-HSA-2559582"	"Senescence-Associated Secretory Phenotype (SASP)"	"2/31"	"110/10654"	0.0404408243352428	0.294090236459074	0.26301699026415	"79813/5594"	2
"R-HSA-5099900"	"WNT5A-dependent internalization of FZD4"	"1/31"	"15/10654"	0.0427952750709673	0.294090236459074	0.26301699026415	"8322"	1
"R-HSA-8956320"	"Nucleobase biosynthesis"	"1/31"	"15/10654"	0.0427952750709673	0.294090236459074	0.26301699026415	"5471"	1
"R-HSA-3247509"	"Chromatin modifying enzymes"	"3/31"	"274/10654"	0.0445217981717972	0.294090236459074	0.26301699026415	"5926/79813/23028"	3
"R-HSA-4839726"	"Chromatin organization"	"3/31"	"274/10654"	0.0445217981717972	0.294090236459074	0.26301699026415	"5926/79813/23028"	3
"R-HSA-110312"	"Translesion synthesis by REV1"	"1/31"	"16/10654"	0.0455843855581185	0.294090236459074	0.26301699026415	"10459"	1
"R-HSA-1295596"	"Spry regulation of FGF signaling"	"1/31"	"16/10654"	0.0455843855581185	0.294090236459074	0.26301699026415	"5594"	1
"R-HSA-8878166"	"Transcriptional regulation by RUNX2"	"2/31"	"121/10654"	0.0480232011556313	0.294090236459074	0.26301699026415	"5594/121340"	2
"R-HSA-5655862"	"Translesion synthesis by POLK"	"1/31"	"17/10654"	0.0483656305334611	0.294090236459074	0.26301699026415	"10459"	1
"R-HSA-5656121"	"Translesion synthesis by POLI"	"1/31"	"17/10654"	0.0483656305334611	0.294090236459074	0.26301699026415	"10459"	1
"R-HSA-111471"	"Apoptotic factor-mediated response"	"1/31"	"18/10654"	0.0511390314409972	0.294090236459074	0.26301699026415	"5594"	1
"R-HSA-881907"	"Gastrin-CREB signalling pathway via PKC and MAPK"	"1/31"	"18/10654"	0.0511390314409972	0.294090236459074	0.26301699026415	"5594"	1
"R-HSA-6804760"	"Regulation of TP53 Activity through Methylation"	"1/31"	"19/10654"	0.0539046096682751	0.294090236459074	0.26301699026415	"79813"	1
"R-HSA-5693567"	"HDR through Homologous Recombination (HRR) or Single Strand Annealing (SSA)"	"2/31"	"132/10654"	0.0560828478815301	0.294090236459074	0.26301699026415	"84126/80198"	2
"R-HSA-445144"	"Signal transduction by L1"	"1/31"	"21/10654"	0.0594123833508468	0.294090236459074	0.26301699026415	"5594"	1
"R-HSA-4641263"	"Regulation of FZD by ubiquitination"	"1/31"	"21/10654"	0.0594123833508468	0.294090236459074	0.26301699026415	"8322"	1
"R-HSA-5620916"	"VxPx cargo-targeting to cilium"	"1/31"	"21/10654"	0.0594123833508468	0.294090236459074	0.26301699026415	"23265"	1
"R-HSA-5693538"	"Homology Directed Repair"	"2/31"	"138/10654"	0.0606674009832134	0.294090236459074	0.26301699026415	"84126/80198"	2
"R-HSA-198753"	"ERK/MAPK targets"	"1/31"	"22/10654"	0.0621546213002611	0.294090236459074	0.26301699026415	"5594"	1
"R-HSA-71403"	"Citric acid cycle (TCA cycle)"	"1/31"	"22/10654"	0.0621546213002611	0.294090236459074	0.26301699026415	"6390"	1
"R-HSA-912631"	"Regulation of signaling by CBL"	"1/31"	"22/10654"	0.0621546213002611	0.294090236459074	0.26301699026415	"29760"	1
"R-HSA-6807070"	"PTEN Regulation"	"2/31"	"140/10654"	0.0622238182329131	0.294090236459074	0.26301699026415	"23028/5594"	2
"R-HSA-112409"	"RAF-independent MAPK1/3 activation"	"1/31"	"23/10654"	0.0648891215579447	0.294090236459074	0.26301699026415	"5594"	1
"R-HSA-5668599"	"RHO GTPases Activate NADPH Oxidases"	"1/31"	"24/10654"	0.0676159052313245	0.294090236459074	0.26301699026415	"5594"	1
"R-HSA-9634638"	"Estrogen-dependent nuclear events downstream of ESR-membrane signaling"	"1/31"	"24/10654"	0.0676159052313245	0.294090236459074	0.26301699026415	"5594"	1
"R-HSA-982772"	"Growth hormone receptor signaling"	"1/31"	"24/10654"	0.0676159052313245	0.294090236459074	0.26301699026415	"5594"	1
"R-HSA-198725"	"Nuclear Events (kinase and transcription factor activation)"	"1/31"	"25/10654"	0.0703349933722309	0.294090236459074	0.26301699026415	"5594"	1
"R-HSA-73894"	"DNA Repair"	"3/31"	"334/10654"	0.0719617936200287	0.294090236459074	0.26301699026415	"84126/10459/80198"	3
"R-HSA-1368108"	"BMAL1:CLOCK,NPAS2 activates circadian gene expression"	"1/31"	"27/10654"	0.0757501669867932	0.294090236459074	0.26301699026415	"1628"	1
"R-HSA-264876"	"Insulin processing"	"1/31"	"27/10654"	0.0757501669867932	0.294090236459074	0.26301699026415	"23265"	1
"R-HSA-3000170"	"Syndecan interactions"	"1/31"	"27/10654"	0.0757501669867932	0.294090236459074	0.26301699026415	"1289"	1
"R-HSA-5633007"	"Regulation of TP53 Activity"	"2/31"	"160/10654"	0.078513208091642	0.294090236459074	0.26301699026415	"84126/79813"	2
"R-HSA-5654732"	"Negative regulation of FGFR3 signaling"	"1/31"	"29/10654"	0.0811348097096615	0.294090236459074	0.26301699026415	"5594"	1
"R-HSA-5693532"	"DNA Double-Strand Break Repair"	"2/31"	"166/10654"	0.0836396570823785	0.294090236459074	0.26301699026415	"84126/80198"	2
"R-HSA-442742"	"CREB1 phosphorylation through NMDA receptor-mediated activation of RAS signaling"	"1/31"	"30/10654"	0.0838157340295677	0.294090236459074	0.26301699026415	"5594"	1
"R-HSA-8874081"	"MET activates PTK2 signaling"	"1/31"	"30/10654"	0.0838157340295677	0.294090236459074	0.26301699026415	"1289"	1
"R-HSA-450282"	"MAPK targets/ Nuclear events mediated by MAP kinases"	"1/31"	"31/10654"	0.0864890879682987	0.294090236459074	0.26301699026415	"5594"	1
"R-HSA-5654733"	"Negative regulation of FGFR4 signaling"	"1/31"	"31/10654"	0.0864890879682987	0.294090236459074	0.26301699026415	"5594"	1
"R-HSA-3700989"	"Transcriptional Regulation by TP53"	"3/31"	"365/10654"	0.0885493424713041	0.294090236459074	0.26301699026415	"84126/79813/3486"	3
"R-HSA-2871796"	"FCERI mediated MAPK activation"	"1/31"	"32/10654"	0.0891548921924336	0.294090236459074	0.26301699026415	"5594"	1
"R-HSA-456926"	"Thrombin signalling through proteinase activated receptors (PARs)"	"1/31"	"32/10654"	0.0891548921924336	0.294090236459074	0.26301699026415	"5594"	1
"R-HSA-983695"	"Antigen activates B Cell Receptor (BCR) leading to generation of second messengers"	"1/31"	"32/10654"	0.0891548921924336	0.294090236459074	0.26301699026415	"29760"	1
"R-HSA-2559585"	"Oncogene Induced Senescence"	"1/31"	"33/10654"	0.0918131673140707	0.294090236459074	0.26301699026415	"5594"	1
"R-HSA-5654726"	"Negative regulation of FGFR1 signaling"	"1/31"	"33/10654"	0.0918131673140707	0.294090236459074	0.26301699026415	"5594"	1
"R-HSA-5693568"	"Resolution of D-loop Structures through Holliday Junction Intermediates"	"1/31"	"33/10654"	0.0918131673140707	0.294090236459074	0.26301699026415	"80198"	1
"R-HSA-109581"	"Apoptosis"	"2/31"	"178/10654"	0.0941928933449352	0.294090236459074	0.26301699026415	"5594/5339"	2
"R-HSA-187687"	"Signalling to ERKs"	"1/31"	"34/10654"	0.0944639338909716	0.294090236459074	0.26301699026415	"5594"	1
"R-HSA-4791275"	"Signaling by WNT in cancer"	"1/31"	"34/10654"	0.0944639338909716	0.294090236459074	0.26301699026415	"8322"	1
"R-HSA-5654727"	"Negative regulation of FGFR2 signaling"	"1/31"	"34/10654"	0.0944639338909716	0.294090236459074	0.26301699026415	"5594"	1
"R-HSA-5693537"	"Resolution of D-Loop Structures"	"1/31"	"34/10654"	0.0944639338909716	0.294090236459074	0.26301699026415	"80198"	1
"R-HSA-5357801"	"Programmed Cell Death"	"2/31"	"181/10654"	0.0968903118270781	0.294090236459074	0.26301699026415	"5594/5339"	2
"R-HSA-8953750"	"Transcriptional Regulation by E2F6"	"1/31"	"35/10654"	0.0971072124266948	0.294090236459074	0.26301699026415	"79813"	1
"R-HSA-5663213"	"RHO GTPases Activate WASPs and WAVEs"	"1/31"	"36/10654"	0.0997430233707357	0.294090236459074	0.26301699026415	"5594"	1
"R-HSA-6802948"	"Signaling by high-kinase activity BRAF mutants"	"1/31"	"36/10654"	0.0997430233707357	0.294090236459074	0.26301699026415	"5594"	1
"R-HSA-176187"	"Activation of ATR in response to replication stress"	"1/31"	"37/10654"	0.102371387118665	0.294090236459074	0.26301699026415	"84126"	1
"R-HSA-5685938"	"HDR through Single Strand Annealing (SSA)"	"1/31"	"37/10654"	0.102371387118665	0.294090236459074	0.26301699026415	"84126"	1
"R-HSA-9029569"	"NR1H3 & NR1H2 regulate gene expression linked to cholesterol transport and efflux"	"1/31"	"37/10654"	0.102371387118665	0.294090236459074	0.26301699026415	"23028"	1
"R-HSA-111465"	"Apoptotic cleavage of cellular proteins"	"1/31"	"38/10654"	0.104992324012262	0.294090236459074	0.26301699026415	"5339"	1
"R-HSA-111996"	"Ca-dependent events"	"1/31"	"38/10654"	0.104992324012262	0.294090236459074	0.26301699026415	"5594"	1
"R-HSA-110313"	"Translesion synthesis by Y family DNA polymerases bypasses lesions on DNA template"	"1/31"	"39/10654"	0.107605854339657	0.294090236459074	0.26301699026415	"10459"	1
"R-HSA-5693616"	"Presynaptic phase of homologous DNA pairing and strand exchange"	"1/31"	"39/10654"	0.107605854339657	0.294090236459074	0.26301699026415	"84126"	1
"R-HSA-977444"	"GABA B receptor activation"	"1/31"	"39/10654"	0.107605854339657	0.294090236459074	0.26301699026415	"2774"	1
"R-HSA-991365"	"Activation of GABAB receptors"	"1/31"	"39/10654"	0.107605854339657	0.294090236459074	0.26301699026415	"2774"	1
"R-HSA-2559583"	"Cellular Senescence"	"2/31"	"195/10654"	0.109766573916725	0.294090236459074	0.26301699026415	"79813/5594"	2
"R-HSA-5654741"	"Signaling by FGFR3"	"1/31"	"40/10654"	0.110211998335461	0.294090236459074	0.26301699026415	"5594"	1
"R-HSA-5675221"	"Negative regulation of MAPK pathway"	"1/31"	"40/10654"	0.110211998335461	0.294090236459074	0.26301699026415	"5594"	1
"R-HSA-5654743"	"Signaling by FGFR4"	"1/31"	"41/10654"	0.112810776180911	0.294090236459074	0.26301699026415	"5594"	1
"R-HSA-8875878"	"MET promotes cell motility"	"1/31"	"41/10654"	0.112810776180911	0.294090236459074	0.26301699026415	"1289"	1
"R-HSA-419037"	"NCAM1 interactions"	"1/31"	"42/10654"	0.115402208003995	0.294090236459074	0.26301699026415	"1289"	1
"R-HSA-5693579"	"Homologous DNA Pairing and Strand Exchange"	"1/31"	"42/10654"	0.115402208003995	0.294090236459074	0.26301699026415	"84126"	1
"R-HSA-112316"	"Neuronal System"	"3/31"	"413/10654"	0.117122977179762	0.294090236459074	0.26301699026415	"2774/3781/5594"	3
"R-HSA-112314"	"Neurotransmitter receptors and postsynaptic signal transmission"	"2/31"	"206/10654"	0.120190831857104	0.294090236459074	0.26301699026415	"2774/5594"	2
"R-HSA-5633008"	"TP53 Regulates Transcription of Cell Death Genes"	"1/31"	"44/10654"	0.120563113829623	0.294090236459074	0.26301699026415	"3486"	1
"R-HSA-8948216"	"Collagen chain trimerization"	"1/31"	"44/10654"	0.120563113829623	0.294090236459074	0.26301699026415	"1289"	1
"R-HSA-167161"	"HIV Transcription Initiation"	"1/31"	"47/10654"	0.128249877553581	0.294090236459074	0.26301699026415	"2960"	1
"R-HSA-167162"	"RNA Polymerase II HIV Promoter Escape"	"1/31"	"47/10654"	0.128249877553581	0.294090236459074	0.26301699026415	"2960"	1
"R-HSA-437239"	"Recycling pathway of L1"	"1/31"	"47/10654"	0.128249877553581	0.294090236459074	0.26301699026415	"5594"	1
"R-HSA-6802946"	"Signaling by moderate kinase activity BRAF mutants"	"1/31"	"47/10654"	0.128249877553581	0.294090236459074	0.26301699026415	"5594"	1
"R-HSA-6802949"	"Signaling by RAS mutants"	"1/31"	"47/10654"	0.128249877553581	0.294090236459074	0.26301699026415	"5594"	1
"R-HSA-6802955"	"Paradoxical activation of RAF signaling by kinase inactive BRAF"	"1/31"	"47/10654"	0.128249877553581	0.294090236459074	0.26301699026415	"5594"	1
"R-HSA-73776"	"RNA Polymerase II Promoter Escape"	"1/31"	"47/10654"	0.128249877553581	0.294090236459074	0.26301699026415	"2960"	1
"R-HSA-73779"	"RNA Polymerase II Transcription Pre-Initiation And Promoter Opening"	"1/31"	"47/10654"	0.128249877553581	0.294090236459074	0.26301699026415	"2960"	1
"R-HSA-75953"	"RNA Polymerase II Transcription Initiation"	"1/31"	"47/10654"	0.128249877553581	0.294090236459074	0.26301699026415	"2960"	1
"R-HSA-76042"	"RNA Polymerase II Transcription Initiation And Promoter Clearance"	"1/31"	"47/10654"	0.128249877553581	0.294090236459074	0.26301699026415	"2960"	1
"R-HSA-9024446"	"NR1H2 and NR1H3-mediated signaling"	"1/31"	"47/10654"	0.128249877553581	0.294090236459074	0.26301699026415	"23028"	1
"R-HSA-9649948"	"Signaling downstream of RAS mutants"	"1/31"	"47/10654"	0.128249877553581	0.294090236459074	0.26301699026415	"5594"	1
"R-HSA-512988"	"Interleukin-3, Interleukin-5 and GM-CSF signaling"	"1/31"	"48/10654"	0.130797652965652	0.294848946515792	0.263695535862956	"29760"	1
"R-HSA-73893"	"DNA Damage Bypass"	"1/31"	"48/10654"	0.130797652965652	0.294848946515792	0.263695535862956	"10459"	1
"R-HSA-3214842"	"HDMs demethylate histones"	"1/31"	"50/10654"	0.135871603678932	0.30066523264166	0.268897279687436	"23028"	1
"R-HSA-5654736"	"Signaling by FGFR1"	"1/31"	"50/10654"	0.135871603678932	0.30066523264166	0.268897279687436	"5594"	1
"R-HSA-8939211"	"ESR-mediated signaling"	"2/31"	"223/10654"	0.136768771239251	0.30066523264166	0.268897279687436	"23028/5594"	2
"R-HSA-5620920"	"Cargo trafficking to the periciliary membrane"	"1/31"	"51/10654"	0.138397818341885	0.301752620319192	0.269869775196428	"23265"	1
"R-HSA-75153"	"Apoptotic execution phase"	"1/31"	"52/10654"	0.140916885363615	0.3047470854205	0.272547848456799	"5339"	1
"R-HSA-109606"	"Intrinsic Pathway for Apoptosis"	"1/31"	"53/10654"	0.1434288242953	0.307677961794757	0.275169051704057	"5594"	1
"R-HSA-112043"	"PLC beta mediated events"	"1/31"	"54/10654"	0.14593365463648	0.308082159788124	0.275530542588508	"5594"	1
"R-HSA-74751"	"Insulin receptor signalling cascade"	"1/31"	"54/10654"	0.14593365463648	0.308082159788124	0.275530542588508	"5594"	1
"R-HSA-71406"	"Pyruvate metabolism and Citric Acid (TCA) cycle"	"1/31"	"55/10654"	0.148431395835184	0.310887805450071	0.278039746860768	"6390"	1
"R-HSA-977443"	"GABA receptor activation"	"1/31"	"56/10654"	0.150922067288068	0.313634921083016	0.280496605321573	"2774"	1
"R-HSA-936837"	"Ion transport by P-type ATPases"	"1/31"	"57/10654"	0.153405688340537	0.316324907740953	0.282902370991118	"23200"	1
"R-HSA-186797"	"Signaling by PDGF"	"1/31"	"58/10654"	0.155882278286885	0.317331003658617	0.283802163936872	"1289"	1
"R-HSA-9006934"	"Signaling by Receptor Tyrosine Kinases"	"3/31"	"473/10654"	0.157087243274732	0.317331003658617	0.283802163936872	"558/1289/5594"	3
"R-HSA-3000171"	"Non-integrin membrane-ECM interactions"	"1/31"	"59/10654"	0.158351856370416	0.317331003658617	0.283802163936872	"1289"	1
"R-HSA-5673001"	"RAF/MAP kinase cascade"	"2/31"	"249/10654"	0.16304299518328	0.317331003658617	0.283802163936872	"5594/84292"	2
"R-HSA-2029482"	"Regulation of actin dynamics for phagocytic cup formation"	"1/31"	"61/10654"	0.163270053668115	0.317331003658617	0.283802163936872	"5594"	1
"R-HSA-4086398"	"Ca2+ pathway"	"1/31"	"62/10654"	0.165718711115135	0.317331003658617	0.283802163936872	"8322"	1
"R-HSA-6790901"	"rRNA modification in the nucleus and cytosol"	"1/31"	"62/10654"	0.165718711115135	0.317331003658617	0.283802163936872	"55127"	1
"R-HSA-8986944"	"Transcriptional Regulation by MECP2"	"1/31"	"62/10654"	0.165718711115135	0.317331003658617	0.283802163936872	"54715"	1
"R-HSA-446219"	"Synthesis of substrates in N-glycan biosythesis"	"1/31"	"63/10654"	0.168160433165308	0.317331003658617	0.283802163936872	"29925"	1
"R-HSA-5684996"	"MAPK1/MAPK3 signaling"	"2/31"	"255/10654"	0.169238241199199	0.317331003658617	0.283802163936872	"5594/84292"	2
"R-HSA-1268020"	"Mitochondrial protein import"	"1/31"	"64/10654"	0.170595238808956	0.317331003658617	0.283802163936872	"6901"	1
"R-HSA-1442490"	"Collagen degradation"	"1/31"	"64/10654"	0.170595238808956	0.317331003658617	0.283802163936872	"1289"	1
"R-HSA-450294"	"MAP kinase activation"	"1/31"	"64/10654"	0.170595238808956	0.317331003658617	0.283802163936872	"5594"	1
"R-HSA-4608870"	"Asymmetric localization of PCP proteins"	"1/31"	"64/10654"	0.170595238808956	0.317331003658617	0.283802163936872	"8322"	1
"R-HSA-1650814"	"Collagen biosynthesis and modifying enzymes"	"1/31"	"67/10654"	0.177858346451589	0.321757707846626	0.287761147500347	"1289"	1
"R-HSA-5625886"	"Activated PKN1 stimulates transcription of AR (androgen receptor) regulated genes KLK2 and KLK3"	"1/31"	"67/10654"	0.177858346451589	0.321757707846626	0.287761147500347	"23028"	1
"R-HSA-6802952"	"Signaling by BRAF and RAF fusions"	"1/31"	"67/10654"	0.177858346451589	0.321757707846626	0.287761147500347	"5594"	1
"R-HSA-1257604"	"PIP3 activates AKT signaling"	"2/31"	"264/10654"	0.178609625385454	0.321757707846626	0.287761147500347	"23028/5594"	2
"R-HSA-204005"	"COPII-mediated vesicle transport"	"1/31"	"68/10654"	0.180265675370074	0.321757707846626	0.287761147500347	"83696"	1
"R-HSA-9607240"	"FLT3 Signaling"	"2/31"	"267/10654"	0.181752772926584	0.321757707846626	0.287761147500347	"5594/84292"	2
"R-HSA-3371453"	"Regulation of HSF1-mediated heat shock response"	"1/31"	"69/10654"	0.182666182083046	0.321757707846626	0.287761147500347	"5594"	1
"R-HSA-400253"	"Circadian Clock"	"1/31"	"70/10654"	0.185059885281481	0.321757707846626	0.287761147500347	"1628"	1
"R-HSA-112315"	"Transmission across Chemical Synapses"	"2/31"	"272/10654"	0.187011238083571	0.321757707846626	0.287761147500347	"2774/5594"	2
"R-HSA-3214841"	"PKMTs methylate histone lysines"	"1/31"	"71/10654"	0.187446803606903	0.321757707846626	0.287761147500347	"79813"	1
"R-HSA-6802957"	"Oncogenic MAPK signaling"	"1/31"	"71/10654"	0.187446803606903	0.321757707846626	0.287761147500347	"5594"	1
"R-HSA-1445148"	"Translocation of SLC2A4 (GLUT4) to the plasma membrane"	"1/31"	"72/10654"	0.189826955651521	0.321757707846626	0.287761147500347	"23265"	1
"R-HSA-448424"	"Interleukin-17 signaling"	"1/31"	"72/10654"	0.189826955651521	0.321757707846626	0.287761147500347	"5594"	1
"R-HSA-167172"	"Transcription of the HIV genome"	"1/31"	"73/10654"	0.192200359958344	0.321757707846626	0.287761147500347	"2960"	1
"R-HSA-5654738"	"Signaling by FGFR2"	"1/31"	"73/10654"	0.192200359958344	0.321757707846626	0.287761147500347	"5594"	1
"R-HSA-3000178"	"ECM proteoglycans"	"1/31"	"76/10654"	0.199280271146868	0.321757707846626	0.287761147500347	"1289"	1
"R-HSA-9009391"	"Extra-nuclear estrogen signaling"	"1/31"	"77/10654"	0.201626868953112	0.321757707846626	0.287761147500347	"5594"	1
"R-HSA-446193"	"Biosynthesis of the N-glycan precursor (dolichol lipid-linked oligosaccharide, LLO) and transfer to a nascent protein"	"1/31"	"78/10654"	0.203966811003074	0.321757707846626	0.287761147500347	"29925"	1
"R-HSA-74752"	"Signaling by Insulin receptor"	"1/31"	"78/10654"	0.203966811003074	0.321757707846626	0.287761147500347	"5594"	1
"R-HSA-6806834"	"Signaling by MET"	"1/31"	"79/10654"	0.206300115547221	0.321757707846626	0.287761147500347	"1289"	1
"R-HSA-72766"	"Translation"	"2/31"	"291/10654"	0.207192076832569	0.321757707846626	0.287761147500347	"51253/29104"	2
"R-HSA-187037"	"Signaling by NTRK1 (TRKA)"	"1/31"	"80/10654"	0.208626800787698	0.321757707846626	0.287761147500347	"5594"	1
"R-HSA-5683057"	"MAPK family signaling cascades"	"2/31"	"294/10654"	0.210403370049602	0.321757707846626	0.287761147500347	"5594/84292"	2
"R-HSA-438064"	"Post NMDA receptor activation events"	"1/31"	"81/10654"	0.210946884878447	0.321757707846626	0.287761147500347	"5594"	1
"R-HSA-9006931"	"Signaling by Nuclear Receptors"	"2/31"	"299/10654"	0.215768305613331	0.321757707846626	0.287761147500347	"23028/5594"	2
"R-HSA-674695"	"RNA Polymerase II Pre-transcription Events"	"1/31"	"84/10654"	0.217867711071367	0.321757707846626	0.287761147500347	"2960"	1
"R-HSA-1474244"	"Extracellular matrix organization"	"2/31"	"301/10654"	0.217918468266868	0.321757707846626	0.287761147500347	"1289/5339"	2
"R-HSA-168142"	"Toll Like Receptor 10 (TLR10) Cascade"	"1/31"	"85/10654"	0.220161571142964	0.321757707846626	0.287761147500347	"5594"	1
"R-HSA-168176"	"Toll Like Receptor 5 (TLR5) Cascade"	"1/31"	"85/10654"	0.220161571142964	0.321757707846626	0.287761147500347	"5594"	1
"R-HSA-216083"	"Integrin cell surface interactions"	"1/31"	"85/10654"	0.220161571142964	0.321757707846626	0.287761147500347	"1289"	1
"R-HSA-975871"	"MyD88 cascade initiated on plasma membrane"	"1/31"	"85/10654"	0.220161571142964	0.321757707846626	0.287761147500347	"5594"	1
"R-HSA-446203"	"Asparagine N-linked glycosylation"	"2/31"	"304/10654"	0.221147899829202	0.321757707846626	0.287761147500347	"29925/83696"	2
"R-HSA-9006925"	"Intracellular signaling by second messengers"	"2/31"	"305/10654"	0.222225446365741	0.321757707846626	0.287761147500347	"23028/5594"	2
"R-HSA-2029480"	"Fcgamma receptor (FCGR) dependent phagocytosis"	"1/31"	"86/10654"	0.222448920115863	0.321757707846626	0.287761147500347	"5594"	1
"R-HSA-190236"	"Signaling by FGFR"	"1/31"	"87/10654"	0.224729775857385	0.321757707846626	0.287761147500347	"5594"	1
"R-HSA-5368286"	"Mitochondrial translation initiation"	"1/31"	"87/10654"	0.224729775857385	0.321757707846626	0.287761147500347	"51253"	1
"R-HSA-5389840"	"Mitochondrial translation elongation"	"1/31"	"87/10654"	0.224729775857385	0.321757707846626	0.287761147500347	"51253"	1
"R-HSA-5419276"	"Mitochondrial translation termination"	"1/31"	"87/10654"	0.224729775857385	0.321757707846626	0.287761147500347	"51253"	1
"R-HSA-3371556"	"Cellular response to heat stress"	"1/31"	"89/10654"	0.22927207887899	0.321757707846626	0.287761147500347	"5594"	1
"R-HSA-2980736"	"Peptide hormone metabolism"	"1/31"	"90/10654"	0.231533561657481	0.321757707846626	0.287761147500347	"23265"	1
"R-HSA-8876198"	"RAB GEFs exchange GTP for GDP on RABs"	"1/31"	"90/10654"	0.231533561657481	0.321757707846626	0.287761147500347	"83696"	1
"R-HSA-446728"	"Cell junction organization"	"1/31"	"91/10654"	0.233788622201651	0.321757707846626	0.287761147500347	"5339"	1
"R-HSA-4086400"	"PCP/CE pathway"	"1/31"	"92/10654"	0.236037278143311	0.321757707846626	0.287761147500347	"8322"	1
"R-HSA-6804756"	"Regulation of TP53 Activity through Phosphorylation"	"1/31"	"92/10654"	0.236037278143311	0.321757707846626	0.287761147500347	"84126"	1
"R-HSA-975138"	"TRAF6 mediated induction of NFkB and MAP kinases upon TLR7/8 or 9 activation"	"1/31"	"92/10654"	0.236037278143311	0.321757707846626	0.287761147500347	"5594"	1
"R-HSA-168181"	"Toll Like Receptor 7/8 (TLR7/8) Cascade"	"1/31"	"93/10654"	0.238279547067526	0.321757707846626	0.287761147500347	"5594"	1
"R-HSA-442755"	"Activation of NMDA receptors and postsynaptic events"	"1/31"	"93/10654"	0.238279547067526	0.321757707846626	0.287761147500347	"5594"	1
"R-HSA-5368287"	"Mitochondrial translation"	"1/31"	"93/10654"	0.238279547067526	0.321757707846626	0.287761147500347	"51253"	1
"R-HSA-72764"	"Eukaryotic Translation Termination"	"1/31"	"93/10654"	0.238279547067526	0.321757707846626	0.287761147500347	"29104"	1
"R-HSA-975155"	"MyD88 dependent cascade initiated on endosome"	"1/31"	"93/10654"	0.238279547067526	0.321757707846626	0.287761147500347	"5594"	1
"R-HSA-168164"	"Toll Like Receptor 3 (TLR3) Cascade"	"1/31"	"94/10654"	0.24051544651274	0.321757707846626	0.287761147500347	"5594"	1
"R-HSA-166058"	"MyD88:MAL(TIRAP) cascade initiated on plasma membrane"	"1/31"	"95/10654"	0.242744993970894	0.321757707846626	0.287761147500347	"5594"	1
"R-HSA-168188"	"Toll Like Receptor TLR6:TLR2 Cascade"	"1/31"	"95/10654"	0.242744993970894	0.321757707846626	0.287761147500347	"5594"	1
"R-HSA-373080"	"Class B/2 (Secretin family receptors)"	"1/31"	"95/10654"	0.242744993970894	0.321757707846626	0.287761147500347	"8322"	1
"R-HSA-5625740"	"RHO GTPases activate PKNs"	"1/31"	"95/10654"	0.242744993970894	0.321757707846626	0.287761147500347	"23028"	1
"R-HSA-69473"	"G2/M DNA damage checkpoint"	"1/31"	"95/10654"	0.242744993970894	0.321757707846626	0.287761147500347	"84126"	1
"R-HSA-195258"	"RHO GTPase Effectors"	"2/31"	"327/10654"	0.246041695920252	0.321757707846626	0.287761147500347	"23028/5594"	2
"R-HSA-168138"	"Toll Like Receptor 9 (TLR9) Cascade"	"1/31"	"97/10654"	0.247185102661978	0.321757707846626	0.287761147500347	"5594"	1
"R-HSA-168179"	"Toll Like Receptor TLR1:TLR2 Cascade"	"1/31"	"98/10654"	0.249395698647341	0.321757707846626	0.287761147500347	"5594"	1
"R-HSA-181438"	"Toll Like Receptor 2 (TLR2) Cascade"	"1/31"	"98/10654"	0.249395698647341	0.321757707846626	0.287761147500347	"5594"	1
"R-HSA-5693607"	"Processing of DNA double-strand break ends"	"1/31"	"98/10654"	0.249395698647341	0.321757707846626	0.287761147500347	"84126"	1
"R-HSA-1296071"	"Potassium Channels"	"1/31"	"99/10654"	0.251600012150746	0.321757707846626	0.287761147500347	"3781"	1
"R-HSA-166166"	"MyD88-independent TLR4 cascade "	"1/31"	"99/10654"	0.251600012150746	0.321757707846626	0.287761147500347	"5594"	1
"R-HSA-4420097"	"VEGFA-VEGFR2 Pathway"	"1/31"	"99/10654"	0.251600012150746	0.321757707846626	0.287761147500347	"558"	1
"R-HSA-937061"	"TRIF(TICAM1)-mediated TLR4 signaling "	"1/31"	"99/10654"	0.251600012150746	0.321757707846626	0.287761147500347	"5594"	1
"R-HSA-611105"	"Respiratory electron transport"	"1/31"	"100/10654"	0.253798060433391	0.322717075587879	0.288619149516662	"6390"	1
"R-HSA-15869"	"Metabolism of nucleotides"	"1/31"	"101/10654"	0.255989860710686	0.322717075587879	0.288619149516662	"5471"	1
"R-HSA-166520"	"Signaling by NTRKs"	"1/31"	"101/10654"	0.255989860710686	0.322717075587879	0.288619149516662	"5594"	1
"R-HSA-6811558"	"PI5P, PP2A and IER3 Regulate PI3K/AKT Signaling"	"1/31"	"103/10654"	0.260354785882578	0.326671570965876	0.292155817326031	"5594"	1
"R-HSA-8856825"	"Cargo recognition for clathrin-mediated endocytosis"	"1/31"	"106/10654"	0.266855741365253	0.333256465742522	0.298044959468975	"8322"	1
"R-HSA-194138"	"Signaling by VEGF"	"1/31"	"107/10654"	0.269010412584221	0.334377428726181	0.299047482754717	"558"	1
"R-HSA-8957275"	"Post-translational protein phosphorylation"	"1/31"	"108/10654"	0.271158955033248	0.335480381576019	0.300033898837278	"3486"	1
"R-HSA-156580"	"Phase II - Conjugation of compounds"	"1/31"	"109/10654"	0.27330138556558	0.336565595187242	0.301004449989381	"29104"	1
"R-HSA-199418"	"Negative regulation of the PI3K/AKT network"	"1/31"	"110/10654"	0.275437720989711	0.337633335406743	0.301959373968832	"5594"	1
"R-HSA-983705"	"Signaling by the B Cell Receptor (BCR)"	"1/31"	"112/10654"	0.279692173524292	0.341275771364503	0.305216954208064	"29760"	1
"R-HSA-373760"	"L1CAM interactions"	"1/31"	"119/10654"	0.294393211335281	0.357573489567053	0.319792673692735	"5594"	1
"R-HSA-5663202"	"Diseases of signal transduction"	"2/31"	"377/10654"	0.300499561252588	0.363331287696311	0.324942109297057	"8322/5594"	2
"R-HSA-163200"	"Respiratory electron transport, ATP synthesis by chemiosmotic coupling, and heat production by uncoupling proteins."	"1/31"	"123/10654"	0.30266299378287	0.364280627321362	0.325791142756739	"6390"	1
"R-HSA-9007101"	"Rab regulation of trafficking"	"1/31"	"124/10654"	0.304715737795094	0.364280627321362	0.325791142756739	"83696"	1
"R-HSA-2559580"	"Oxidative Stress Induced Senescence"	"1/31"	"125/10654"	0.306762633533779	0.364280627321362	0.325791142756739	"5594"	1
"R-HSA-381426"	"Regulation of Insulin-like Growth Factor (IGF) transport and uptake by Insulin-like Growth Factor Binding Proteins (IGFBPs)"	"1/31"	"125/10654"	0.306762633533779	0.364280627321362	0.325791142756739	"3486"	1
"R-HSA-1483206"	"Glycerophospholipid biosynthesis"	"1/31"	"129/10654"	0.314892055268906	0.368992452429643	0.330005121682229	"6901"	1
"R-HSA-1500931"	"Cell-Cell communication"	"1/31"	"129/10654"	0.314892055268906	0.368992452429643	0.330005121682229	"5339"	1
"R-HSA-166016"	"Toll Like Receptor 4 (TLR4) Cascade"	"1/31"	"129/10654"	0.314892055268906	0.368992452429643	0.330005121682229	"5594"	1
"R-HSA-2454202"	"Fc epsilon receptor (FCERI) signaling"	"1/31"	"134/10654"	0.324924166587286	0.379078194351834	0.339025215368082	"5594"	1
"R-HSA-418594"	"G alpha (i) signalling events"	"2/31"	"406/10654"	0.331945534513841	0.385578655810837	0.344838845323503	"2774/5594"	2
"R-HSA-162599"	"Late Phase of HIV Life Cycle"	"1/31"	"139/10654"	0.334814048078729	0.387219725169313	0.34630652112491	"2960"	1
"R-HSA-1474228"	"Degradation of the extracellular matrix"	"1/31"	"140/10654"	0.336775128868987	0.387801663546106	0.346826972542224	"1289"	1
"R-HSA-68875"	"Mitotic Prophase"	"1/31"	"142/10654"	0.340680519003573	0.390607836443752	0.349336648343047	"5594"	1
"R-HSA-3858494"	"Beta-catenin independent WNT signaling"	"1/31"	"146/10654"	0.348424644245645	0.396072458843341	0.354223884838128	"8322"	1
"R-HSA-8856828"	"Clathrin-mediated endocytosis"	"1/31"	"146/10654"	0.348424644245645	0.396072458843341	0.354223884838128	"8322"	1
"R-HSA-9018519"	"Estrogen-dependent gene expression"	"1/31"	"150/10654"	0.356080710614017	0.403053059673738	0.360466923174772	"23028"	1
"R-HSA-162587"	"HIV Life Cycle"	"1/31"	"152/10654"	0.359876024721122	0.40562297701618	0.362765305918705	"2960"	1
"R-HSA-199977"	"ER to Golgi Anterograde Transport"	"1/31"	"154/10654"	0.363649686420942	0.408146905434475	0.365022558876895	"83696"	1
"R-HSA-168898"	"Toll-like Receptor Cascades"	"1/31"	"155/10654"	0.365528434965794	0.408531780255888	0.365366768254177	"5594"	1
"R-HSA-9609507"	"Protein localization"	"1/31"	"163/10654"	0.380366402937692	0.423336666031071	0.378607386319834	"6901"	1
"R-HSA-194315"	"Signaling by Rho GTPases"	"2/31"	"455/10654"	0.384245350193138	0.425871929797395	0.38087477694583	"23028/5594"	2
"R-HSA-69481"	"G2/M Checkpoints"	"1/31"	"168/10654"	0.389469003531263	0.42751528883444	0.382344500500924	"84126"	1
"R-HSA-983231"	"Factors involved in megakaryocyte development and platelet production"	"1/31"	"168/10654"	0.389469003531263	0.42751528883444	0.382344500500924	"23028"	1
"R-HSA-449147"	"Signaling by Interleukins"	"2/31"	"461/10654"	0.390549681153266	0.42751528883444	0.382344500500924	"29760/5594"	2
"R-HSA-1428517"	"The citric acid (TCA) cycle and respiratory electron transport"	"1/31"	"174/10654"	0.400221383920429	0.436306918536206	0.390207216419401	"6390"	1
"R-HSA-2262752"	"Cellular responses to stress"	"2/31"	"479/10654"	0.409305229903213	0.443700891970131	0.396819950871586	"79813/5594"	2
"R-HSA-6798695"	"Neutrophil degranulation"	"2/31"	"480/10654"	0.410339922649069	0.443700891970131	0.396819950871586	"23200/5594"	2
"R-HSA-6791226"	"Major pathway of rRNA processing in the nucleolus and cytosol"	"1/31"	"185/10654"	0.419460034028894	0.449904713918088	0.402368283915662	"55127"	1
"R-HSA-948021"	"Transport to the Golgi and subsequent modification"	"1/31"	"185/10654"	0.419460034028894	0.449904713918088	0.402368283915662	"83696"	1
"R-HSA-983712"	"Ion channel transport"	"1/31"	"186/10654"	0.421179084458267	0.449934282995578	0.402394728757423	"23200"	1
"R-HSA-8953897"	"Cellular responses to external stimuli"	"2/31"	"493/10654"	0.423717066201495	0.450834958438391	0.403200239838054	"79813/5594"	2
"R-HSA-8868773"	"rRNA processing in the nucleus and cytosol"	"1/31"	"195/10654"	0.436430472221532	0.462511974545528	0.413643475454252	"55127"	1
"R-HSA-5617833"	"Cilium Assembly"	"1/31"	"201/10654"	0.446381228216383	0.471180185339516	0.421395812769017	"23265"	1
"R-HSA-72312"	"rRNA processing"	"1/31"	"205/10654"	0.452920376224403	0.476192964726052	0.425878947479572	"55127"	1
"R-HSA-1483257"	"Phospholipid metabolism"	"1/31"	"212/10654"	0.46418445550171	0.486114429777382	0.434752121605415	"6901"	1
"R-HSA-416476"	"G alpha (q) signalling events"	"1/31"	"217/10654"	0.472092468536566	0.492457241689124	0.440424759088809	"5594"	1
"R-HSA-211859"	"Biological oxidations"	"1/31"	"222/10654"	0.479887479586916	0.49863308425828	0.445948069024026	"29104"	1
